Latitude,Longitude,Depth,Magnitude
29.06,77.42,5,2.5
19.93,72.92,5,2.4
31.5,74.37,33,3.4
28.34,76.23,5,3.1
27.09,89.97,10,2.1
38.52,73.27,115,5.2
27.9,94.2,10,3
26.6,92.51,28,3.1
22.88,95.95,10,5.5
37.96,72.39,160,4.3
32.29,76.65,10,2.6
38.1,75.45,10,4.4
36.78,73.49,19,4.2
24.6,94.33,50,4.9
16,78.22,10,4
27.29,88.5,10,4
37.37,71.85,100,4.2
28.97,77.2,18,2.4
36.57,70.78,250,4.5
30.74,78.68,10,3.4
27.56,91.13,10,3.2
27.35,86.86,10,3.5
25.94,92.56,5,2.9
24.84,94.15,40,3.5
29.65,69.5,15,4.8
27.32,88.86,10,2.8
36.88,71.61,23,3.6
29.19,70.05,110,5.3
34.2,77.78,200,3.6
25.88,90.34,10,4.1
29.01,76.91,5,2.1
29.01,76.91,5,2.3
29.28,69.05,250,4.5
20.02,72.92,5,3.4
27.4,88.62,10,3.2
28.84,81.22,23,3.8
23.39,70.39,10,3.9
34.13,77.8,20,3.7
32.43,76.48,10,2.6
28.75,76.6,10,2.2
28.69,76.71,10,2.8
31.58,78.19,5,3.1
37.23,71.25,146,3.6
26.48,92.44,10,3.4
22.48,94.42,10,3.1
31.19,77.92,10,3.6
17.47,73.26,5,3.5
36.66,71.64,10,4
23.46,94.61,19,4.4
22.45,94.19,10,3.8
36.52,71.14,10,3.5
28.89,89,10,3.4
25.99,90.4,8,3.4
36.52,71.31,70,3.9
36.56,71.43,20,3.9
36.47,70.72,165,4.6
29.12,77.4,5,2.4
14.5,93.14,10,4.2
38.44,71.59,10,3.1
39.11,69.57,130,3.8
19.7,77.28,10,3
19.73,77.77,10,4.4
38.81,70.34,10,4.2
39.14,70.94,160,4.3
39.04,70.68,160,4.7
2.25,97.29,40,5.5
38.91,70.73,37,5.9
26.62,92.45,17,3.1
25.99,90.27,5,4.3
37.05,72,90,4.6
24.7,94.99,90,4.5
34.83,97.83,10,4.8
26.34,92.79,15,2.9
36.51,71.26,167,5.1
37.4,73.03,10,4.1
31.66,96.56,10,3.9
25.97,90.42,10,3.7
34.68,98.42,22,4.5
26.15,90.28,14,5.2
37.78,74.16,10,4.3
37.3,72.52,10,4.1
37.5,69.18,46,3.9
28.7,76.65,5,3.7
24.67,94.14,20,2.8
22.46,93.64,10,3.5
27.25,89.38,14,2.9
32.89,98.86,120,4.6
39.17,71.78,50,4.1
26.22,96.31,45,3.8
24.81,93.9,30,3.3
36.55,70.86,168,3.9
20.05,72.94,5,3.6
20.01,72.83,5,3.1
26.52,92.52,65,2.7
27.4,89.54,50,3.1
30.084,80.26,10,3.7
34.49,78.43,18,4.6
39.32,75.05,10,3.8
25.48,93.79,10,2.3
37.12,72.11,30,3.9
36.6,71.27,16,3.8
34.87,69.15,10,5.3
20.01,72.95,5,3.7
35.81,70.93,131,4.5
39.81,77.07,10,3.9
33.38,71.51,100,4.5
28.13,92.09,70,4.6
28.28,87.82,10,4
26.53,92.67,15,2.8
1.6,92.23,10,4.9
27,93.43,10,3
28.67,77.14,7,2.1
31.29,78.46,15,3.1
29.55,84.31,15,4.3
25.28,94.3,30,3.6
28.89,94.79,17,3.1
31.9,69.92,10,4.8
26.72,92.4,30,4.2
23.42,70.32,20,4
26.73,92.4,10,2.8
25.67,91.29,10,2.6
26.73,92.44,22,4.1
24.3,94.1,10,3
34.73,73.26,20,4.8
7.29,84.63,50,4.8
38.02,93.53,10,5.4
36.07,65.46,10,4.1
34.29,70.27,30,4.4
23.83,94,15,2.7
26.59,92.19,10,3
26.65,97,10,4.4
31.68,75.56,36,2.9
37.75,73.21,10,4
37.22,72.47,50,3.9
26.52,92.28,10,2.8
36.39,71.3,110,4
17.69,95.69,10,3.9
20.81,84.99,5,3.5
24.85,97.85,19,4.9
36.48,70.78,30,4.3
27.07,92.52,10,3.6
31.96,72.89,10,4.1
36.26,71.83,120,4.3
34.4,81.6,10,3.9
37.04,72.66,20,4.1
32.99,75.82,5,2.5
24.48,94.48,47,2.6
37.47,72.6,10,3.7
25.29,94.68,10,3.1
31.7,68.72,10,4.1
24.97,94.96,80,3.6
32.41,76.51,10,2.9
34.68,97.8,63,4.8
24.27,94.28,10,3.5
36.9,67.75,150,4.1
37.74,68.24,120,3.8
10.6,91.52,10,4.2
36.39,68.39,10,4.3
26.41,90.15,5,2.8
36.93,68.11,10,4.4
36.84,68.4,10,4.3
26.55,96.05,10,3.6
26.77,92.42,10,3.5
36.67,71.5,135,4.2
33.12,75.87,5,3.1
37.16,71.79,46,4.3
23.21,94.64,80,4.7
28.72,77.13,8,2.4
26.69,92.35,24,3.8
24.65,94.77,24,3.4
36.35,70.27,59,4.1
26.69,92.39,16,4.1
34.55,98.29,12,4.7
34.61,98.07,10,4.7
24.51,94.69,16,3.9
24.79,91.61,3.4,3.4
25.09,92.17,15,3
38.1,74.14,150,4.5
25.57,91.78,10,3.5
22.53,94.62,90,4.4
37.15,69.31,30,5.3
27.76,66.39,10,4.6
37.82,72.34,10,3.6
36.07,70.89,170,3.7
38.84,74.71,10,2.8
25.04,93.52,12,2.7
26.54,99.5,10,4
34.55,99.06,30,4.8
30.66,67.02,100,4.4
30.76,65.94,117,4.4
26.85,88.72,5,3.8
29.33,87,10,3.6
29.54,86.43,10,3.9
28.99,86.46,150,4.5
23.55,94.58,90,4.3
25.36,94.11,30,2.6
34.9,97.83,10,4.5
4.24,95.16,52,4.6
33.93,97.17,81,4.3
30.94,79.44,22,4.3
37.31,70.51,14,3.3
17.36,73.84,5,3.3
37.31,72.32,349,4.1
24.79,94.94,109,4.3
35.27,73.57,5,3.5
27.73,92.58,10,2.8
25.59,99.08,10,4.3
34.77,97.39,10,4.5
33.15,75.92,10,3.3
34.1,97.8,10,4.5
35.47,99.56,34,4.2
34.78,97.96,12,4.6
34.57,76.64,40,3.6
34.53,98.43,10,5
35.02,97.6,10,4.7
25.78,99.01,10,4.1
19.72,95.56,16,4.1
34.56,98.28,10,4.7
34.66,98.19,10,4.5
34.64,97.94,10,4.5
34.49,98.94,10,4.8
34.65,98.06,10,7
26.26,96.94,10,2.9
25.77,99.16,10,4
26.06,98.46,30,4.3
25.88,99.35,10,5
25.67,99.96,100,5.8
35.29,77.98,90,4.2
32.83,76.13,10,3.2
37.06,71.61,84,4
28.26,84.59,10,4.4
28.3,84.61,10,3.9
26.22,91.47,30,3.2
34.05,70.5,180,4.5
33.04,75.92,5,3.2
28.72,77.03,5,1.9
28.2,84.42,10,4.9
28.24,84.36,10,5.3
26.72,92.45,19,3.8
37.34,76.88,10,4.2
15.46,93.37,34,4.1
30.92,91.88,165,4.2
36.02,71.67,175,4.3
37.22,72.18,115,4
20.68,71.02,10,3.8
26.06,92.6,5,2.5
27.21,92.34,22,2.6
26.74,92.39,16,3.9
26.28,95.26,81,4.2
22.85,93.75,30,3.1
24.99,95.03,101,4.3
39.57,73.03,10,4.7
0.14,96.75,10,6.6
36.49,69.45,147,4.7
36.77,86.62,10,4.8
23.519,92.614,10,3.3
25.93,92.84,10,2.6
25.59,92.43,20,2.3
36.79,71.58,82,3.9
26.73,92.36,16,3.1
34.51,74.16,10,3.1
36.45,71.06,174,4.3
26.49,92.46,23,3
32.32,76.86,5,2.4
27.76,92.86,10,2.4
26.69,92.42,23,3.7
26.68,92.39,18,2.9
22.46,92.8,28,3.7
37.25,71.94,108,4.4
36.32,71.22,25,3.6
33.05,75.99,5,2.7
25.63,91.95,13,3.1
17.46,74.51,10,2.7
17.36,73.84,10,2.5
29.77,80.58,9,3.2
31.52,68.67,113,4.5
25.18,93.6,154,3.8
32.98,76.08,10,3
26.32,91.44,28,2.9
27.25,88.68,10,3.1
26.75,92.42,10,2.8
36.45,70.99,180,4.2
37.22,70.02,238,4.3
36.26,71.31,210,4.2
38.48,75.04,50,4.3
34.89,73.62,50,3.7
22.96,95.07,74,3.6
26.33,92.34,68,2.8
22.41,78.95,30,3
27.01,92.46,17,2.9
36.41,71.11,156,4.2
26.55,92.39,10,3.6
25.88,92.24,10,2.9
26.68,92.39,27,3.5
25.13,94.87,50,3.9
27.39,92.38,10,3.2
8.69,94.41,85,4.3
23.79,93.92,10,3.2
36.47,71.41,120,3.9
28.52,86.5,165,4.1
23.43,94.11,93,3.9
38.36,75.52,136,4.3
37.11,74.41,10,4.8
26.65,92.41,25,2.8
31.71,91.84,10,3.7
26.09,90.41,33,2.5
26.71,92.39,17,2.8
26.74,92.45,10,3.7
25.9,95.21,53.9,3.5
5.804,94.887,10,4.5
26.43,92.24,40,2.7
26.87,91.94,10,2.8
26.82,92.43,13,2.6
25.06,65.36,25,4.2
26.71,92.4,16,2.7
26.73,92.37,14,2.7
26.72,92.39,15,3.3
26.09,92.31,27,2.6
18.86,96.95,75,4.4
37.03,72.34,50,3.4
5.64,94.44,30,4.6
38,69.25,50,3.9
30.64,76.01,10,2.9
24.38,94.65,34,3.6
26.59,92.39,27,3.2
26.58,92.51,40,3.5
24.87,93.59,10,2.6
23.54,94.8,10,3.6
27.31,89.12,5,2.1
34.65,73.14,10,3.6
37.22,71.68,27,3.5
36.38,71.31,150,4.4
26.9,92.43,10,2.8
28.16,71.56,51,3.6
26.74,92.36,10,2.8
26.59,92.47,26,3.3
8.47,77.51,5,2.3
26.61,92.33,27,3.6
36.14,71.17,75,4.1
26.86,93.01,30,2.8
26.73,92.42,11,2.7
26.73,92.43,16,2.7
26.78,92.4,11,2.3
26.72,92.43,19,4.6
26.71,92.4,19,2.9
26.76,92.93,18,2.6
16.86,75.72,5,2.6
26.73,92.38,15,2.8
29.97,67.88,10,3.9
26.62,92.4,19,3
32.14,76.61,5,2.7
26.77,92.36,10,2.9
26.83,92.5,10,3.4
26.36,92.38,23,2.9
26.62,92.46,10,3.4
26.39,92.52,27,3.2
26.59,92.46,25,3.6
26.54,92.45,26,3.6
26.69,92.41,20,4
26.74,92.42,15,4.7
26.69,92.36,17,6.4
36.69,71.62,165,4.1
28.98,76.72,10,3
26.81,92.73,28,2.6
36.31,75.67,158,4.5
25.43,91.9,5,3
37.84,73.23,150,4.8
36.68,70.99,200,3.9
38.33,74.21,125,4
32.76,76.2,5,2.2
36.48,69.41,56,4.4
36.51,71.62,120,3.9
28.53,94.56,10,2.8
36.46,70.98,190,4.7
37.71,69.52,90,4.4
30.63,87.32,10,3.8
31.36,76.82,10,2.7
31.37,76.58,8,2.9
36.73,68.38,10,3.7
37.7,76.11,10,3.6
11.55,93.62,35,4.3
29.78,89.61,170,4.3
17.42,73.79,5,2.8
17.4,73.78,5,2.9
0.2,96.62,47,6
36.53,71.26,225,4.3
28.78,89.34,75,4.3
25.9,90.29,10,2.9
36.32,69.21,10,4.1
25.74,95.28,89,4.3
22.48,94.08,10,4.8
28.08,93.04,10,2.6
37.21,72.27,10,3.9
37.96,72.68,70,4.2
20.73,76.83,16,3
32.3,98.83,10,4.6
32.35,78.7,10,3.6
37.32,72.44,10,3.6
30.01,79.6,10,2.5
32.43,78.82,100,4.4
32.31,76.39,10,2.9
32.28,76.29,10,3.5
28.81,76.79,10,2.4
19.28,83.38,10,3.2
36.5,70.42,10,3.4
36.23,71.19,19,4.1
23.32,94.1,30,3.1
34.19,76.63,5,3.6
0.12,96.68,30,5.3
36.27,70.55,170,4.4
36.57,71.52,176,4.3
26.24,92.82,10,2.8
32.63,75.98,14,2.8
22.75,94.56,10,3.6
30.3,70.49,10,3.9
36.65,71.56,10,3.4
39.91,72.49,30,3.6
36.52,70.04,225,4
36.5,70.76,200,4.9
36.1,68.05,80,4.2
29.46,89.53,187,3.6
27.61,92.71,10,3.6
29.6,89.6,150,3.8
12.33,78.72,30,3
23.28,81.73,10,3.9
36.72,71.65,10,3.8
28.28,67.01,10,4.2
31.53,90.42,10,4.3
39.31,77,12,3.1
28.1,66.47,10,4.3
36.16,70.49,27,3.8
30.82,71.24,23,4
37.62,72.91,100,3.8
35.36,72.54,10,4.2
32.28,93.26,10,4.3
31.99,92.84,10,4.8
31.28,93.02,10,3.8
37.56,66.59,10,4.3
26.95,89.33,10,3.9
26.28,88.68,5,3.7
21.61,94.52,10,3.6
26.72,89.04,10,4.1
27.55,95.54,39,2.7
27.23,88.84,10,5.1
32.69,76.59,5,2.8
32.63,76.32,14,2.4
36.66,76.17,10,4.4
26.57,93.89,24,2.9
35.97,69.73,60,4.2
37.45,73.28,90,4.7
35.93,66.16,10,4.1
27.62,92.65,5,2.2
32.68,76.48,10,3
34.12,87.81,100,4.3
23.87,92.92,28,3.8
36.66,71.48,11,4.1
37.36,71.17,90,4.5
39.21,72.65,135,4.3
28.82,76.72,10,2.4
37.36,72.21,150,4.2
25.7,91.39,5,2.8
34.93,73.63,10,3.4
34.86,73.42,10,3.5
34.41,76.08,10,3.1
27.99,87.55,10,3.6
34.47,87.69,10,5.6
25.56,91.91,10,3.2
26.24,95.48,100,3.9
7.71,91.3,10,4.1
36.18,77.38,10,4.1
27.57,92.69,10,2.6
27.78,64.67,30,4.4
31.96,92.97,40,3.8
27.36,92.63,6,2.8
35.56,89.32,63,4.1
27.55,92.66,10,5
36.27,70.58,180,3.7
32.47,93.54,200,4
36.51,71.04,150,4.5
35.37,91.17,50,4.3
31.2,84.09,150,4.2
34.58,76.84,30,3.5
19.18,73.95,8,2.4
36.86,75.99,10,3.7
36.58,71.44,10,3.8
37.46,72.95,30,3.6
36.77,71.71,13,4.4
24.14,93.88,40,2.8
36.41,68.01,10,4.1
34.81,70.68,10,3.8
33.64,76.28,10,3
20.17,94.26,10,3.8
25.24,95.02,10,3.3
31.9,92.79,40,4.4
26,90.48,10,2.7
31.52,84.9,200,3.9
32.739,70.177,10,4.2
31.81,90.49,150,3.9
26.64,92.45,10,3.1
26.53,92.58,25,4.1
25.85,95.08,10,4.2
36.42,71.37,10,3.8
32.15,93.47,10,3.8
22.66,91.79,10,3.5
23.01,93.12,17,3.3
34.63,83.49,42,4.7
36.95,71.33,160,4.6
38.34,74.11,10,3.6
28,88.92,75,3.5
32.42,93.94,80,3.8
32.83,73.65,10,3.6
31.79,93.05,79,4.2
31.78,92.81,100,5.8
37.91,71.5,140,4.7
27.75,85.71,10,3.6
30.08,86.39,10,4.1
26.08,94.4,18,3.5
36.37,71.12,10,3.8
26.91,89.21,5,3.8
34.99,73.48,10,3.4
38.13,73.52,10,3.8
16.45,94.46,50,3.8
37.57,69.78,30,4.5
26.36,90.13,10,2.8
28.62,66.59,10,4
26.13,92.71,5,3.1
27.4,87.98,10,3.7
35.08,72.13,10,3.9
23.91,94.29,20,3.1
22.75,94.51,50,3.3
36.35,70.85,41,4.3
27.38,88.76,15,2.1
24.1,93.38,50,2.8
26.25,95.23,80,3.2
26.38,95.98,110,3.6
27.1,90.48,6,2.7
22.48,95.81,10,3.8
36.49,71.56,41,3.8
22.14,78.64,20,2.8
32.7,76.62,5,3.4
36.34,70.8,180,4.5
32.72,76.6,5,2.8
36.49,72.4,230,3.9
27.2,92.37,10,2.8
25.36,94.74,60,4.7
32.64,76.5,10,3.5
36.12,72.16,10,4.3
25.29,94.97,97,4
32.95,75.83,5,3.5
32.92,75.88,5,3.6
38.68,73.67,10,4
36.52,71.65,10,4
33.03,73.6,10,3.8
38.98,70.17,10,3.3
35.01,78.18,10,3.5
34.04,79.37,10,3.7
33,75.86,5,2.9
36.5,71.17,200,4.4
37.5,72.44,150,4.3
36.63,69.31,38,4.4
39,72.84,10,3.4
34.53,79.04,10,3.6
39.82,70.95,10,4.2
36.2,69.6,150,4.3
36.55,70.95,217,3.8
37.56,68.55,90,3.8
37.01,71.47,82,4.2
31.38,86.83,10,3.6
25.17,95.31,10,2.6
27.69,91.8,10,2.8
36.25,71.51,110,4.3
37.47,72.43,17,3.7
39,75.16,10,3.5
26.78,93.05,15,2.7
26.41,92.29,15,2.9
6.91,94.62,90,4.2
24.69,93.11,25,3.7
21.51,94.9,10,3.6
28.69,87.98,20,3.9
28.91,86.65,100,4.1
36.16,70.96,90,3.8
38.63,71.99,10,3.6
36.38,71.55,125,4.3
23.03,94.12,10,3
37.16,72.66,10,4.5
36.42,71.98,10,3.8
26.19,92.05,30,3.6
22.79,96.05,30,3.9
35.875,71.393,100,4.3
22.99,95.47,19,4.1
23.02,95.64,17,3.6
25.21,94.37,48,3.3
22.53,96.48,10,4.2
22.91,95.81,10,4.5
36.45,71.85,24,3.6
32.85,76.22,5,2.4
32.32,76.29,5,2.2
25.89,64.78,37,4.3
19.95,91.03,24,4.8
26.02,95.45,83,4.2
37.4,75.89,10,4
28.72,77,10,1.9
23.98,94.1,94,3.4
27.42,92.65,10,2.6
26.298,92.896,10,2.8
36.484,70.684,155,3.9
37.63,69.18,10,3.9
24.87,94.89,5,2.8
37.37,70.09,74,3.8
28.2,88.16,10,3.7
37.86,72.59,10,3.6
28.6,68.91,140,5
37.25,71.5,10,3.7
23.44,94.38,105,4.3
32.64,76.2,5,2.8
27.9,87.3,10,3.4
24.1,93.58,5,2.4
29.88,80.29,8,4
28.21,87.25,55,3.4
25.55,91.96,50,2.8
36.73,71.69,10,3.8
23.59,94.56,50,3.7
27.15,88.97,5,2.6
34.54,69.19,110,4.3
36.61,71.58,110,3.6
36.62,74.56,10,3.7
17.75,73.55,6,3.3
31.07,78.06,5,2.2
36.71,71.01,220,4.4
36.73,71.31,20,3.6
26.71,92.63,10,4.7
34.44,69.55,180,4.6
12.04,94.78,10,4.2
34.43,77.68,5,3.5
35.53,68.94,10,3.9
25.41,85.35,5,3.5
9.42,93.48,10,4.1
37.62,73.12,50,4.3
25.32,93.83,30,3.4
36.443,70.309,266,4.2
1.03,98.59,10,4.7
22.02,93.79,10,3.5
28.57,87.39,67,3.6
28.91,76.99,5,2.7
31.32,76.87,10,3.2
36.34,71.2,100,3.9
28.27,93.39,10,2.9
37.98,72.58,110,3.9
38,73.58,74,6.3
38.32,73.66,100,4.5
30.1,69.7,290,4.3
37,72.32,234,4.7
22.814,94.524,50,3.7
36.78,70.61,97,4.9
39.55,73.74,10,3.6
23.7,93.1,30,3.1
36.13,71.39,160,4.4
36.05,71.87,200,4.3
36.41,71.19,50,3.5
27.95,87.91,90,4.5
26.99,92.54,5,2.3
36.87,71.97,10,3.9
36.57,71.39,139,3.9
26.57,93.14,30,3.7
39.51,71.55,10,3.6
29.44,74.4,24,3.5
34.22,73.61,30,3.5
39.27,74.29,10,4
37.9,93.3,10,4.2
28.95,73.52,5,3.5
20.98,97.66,10,4.5
36.55,70.5,10,3.7
29.01,77.28,5,1.8
29.03,86.55,10,3.9
27.86,88.14,10,4
36.4,77.09,10,4.6
28.62,87.38,124,4.8
36.53,70.66,10,4.2
23.45,94.21,5,3.4
4.94,95.76,10,4
39.34,71.91,63,3.6
34.33,78.3,10,4.5
36.35,70.87,138,4.2
36.06,76.25,10,4.2
28.66,84.09,40,4.2
36.08,69.45,10,4.3
36.73,71.07,10,4.2
37.17,71.5,169,4.6
28.75,87.45,151,4.9
36.35,71.37,10,4.1
24.84,94.35,35,4
36.62,71.58,16,3.9
26.28,95.73,110,3.6
39.53,72.43,10,3.5
19.53,77.13,5,3.2
26.85,93.31,30,2.7
19.56,77.67,10,3.4
28.36,89.76,10,4
39.68,74.78,10,3.4
32.222,76.418,10,2.8
28.66,77.13,15,2.8
25.96,95.66,16,3.5
38.38,71.84,150,3.7
35.36,73.71,16,3.6
26.27,95.69,10,3.8
28.73,76.92,10,2.7
18.33,73.91,12,2.6
25.14,93.87,15,3.3
28.59,77.01,5,1.9
27.51,93.21,11,3.5
37.08,71.57,90,5.3
27.79,95.04,10,3
39.65,73.238,10,3.2
36.77,68.12,230,4.5
26.42,93.41,5,2.3
24.34,94.95,21,3.9
28.6,77,5,1.9
36.36,71.25,188,3.8
24.84,94.72,10,2.8
36.48,70.82,203,4.4
36.53,77,156,4.2
36.31,70.22,10,3.7
22.02,94.5,10,3.5
36.63,72.42,67,3.8
36.55,72.74,110,4.3
37.84,72.26,195,3.9
34.3,74.53,5,3.6
39.96,77.11,10,3.6
36.39,71.02,10,4
7.62,94.72,120,4.5
36.12,69.51,10,3.7
35.3,73.59,34,3.8
24.31,93.75,28,2.7
34.61,80.896,221,3.6
20.03,72.82,5,3.5
24.29,96.77,10,3.7
37.48,75.11,10,3.5
26,96.53,10,3.9
23.62,93.5,25,3.2
23.65,93.46,55,4.4
35.94,71.12,200,5.3
33.03,75.93,10,4.1
36.42,72.22,100,3.8
1.26,96.42,10,4.3
24.96,93.24,15,4.2
28.86,77.49,5,2.9
22.64,94.58,98,3.8
36.38,70.25,163,3.8
37.3,72.34,135,4.3
19.68,90.75,118,4.3
36.37,71.14,250,4.5
33.34,75.47,5,5.1
33.22,75.58,5,3.8
36.47,70.6,150,4.2
36.49,70.75,147,4.5
27.21,89.92,10,3.1
37.35,72.23,220,4.2
36.75,71.39,230,3.9
22.93,94.22,50,3.5
37.39,72.04,85,3.7
32.31,76.3,10,4.2
30.79,78.58,10,3.3
20.13,84.25,5,3.2
36.47,71.46,10,3.6
37.16,71.34,130,4.1
29.85,79.77,10,3.3
22.56,69.65,20,2.7
6.99,93.91,72,4.4
37.17,72.09,99,3.9
23.06,94.26,32,3.7
26.95,92.93,8,2.5
32.35,76.61,5,3.2
34.28,74.52,5,3.5
26.21,90.94,5,2.5
26.52,93.03,10,2.8
35.89,70.17,250,4.1
20.095,72.928,5,2.4
32.51,76.4,30,2.6
36.94,72.11,121,4.5
21.79,74.7,5,3.3
30.59,79.28,5,2.4
23.03,94.04,10,3.2
24.45,94.86,98,3.1
27.32,88.62,5,2.6
24.19,93.85,40,3.1
27.07,89.16,5,2.8
34.7,72.92,10,4.7
27.69,86.33,100,3.9
35.78,71.51,150,4.2
28.49,91.96,112,3.1
18.88,95.26,64,3.8
37.31,71.84,45,4.2
36.66,71.31,221,3.9
24.65,94.53,40,3.1
27.41,96.55,10,3.5
16.15,93.07,50,4.1
37.39,71.82,186,3.9
25.7,94.7,30,2.8
26.06,95.38,120,3.6
37.96,73.54,50,3.8
28.7,77.04,5,2.3
25.47,96.25,100,3.9
27.11,88.34,5,2.5
36.28,69.35,50,4
25.69,96.55,198,3.9
25.79,96.46,150,3.6
25.58,96.53,100,4.6
38.24,71.72,10,4.2
26.1,93.01,5,3
34.21,97.99,10,4.6
24.51,94.94,123,2.8
37.13,71.71,10,3.9
27.17,96.05,150,3.7
16.36,94.45,219,3.9
36.81,71.93,16,3.7
36.15,69.08,25,4.7
37,71.6,150,3.9
33.66,76.64,5,3.7
32.69,76.42,5,2.4
22.98,93.77,10,3.4
36.32,71.67,10,4.2
36.7,70.89,239,4.4
29.66,80.53,5,2.9
21.73,94.35,10,4.1
36.79,72.03,10,4
36.96,72.07,10,3.7
36.61,71.31,173,4.4
28.19,76.67,25,4.2
24.15,93.74,36,3.2
27.4,75.43,5,3
35.14,70.27,10,4.2
36.82,72.53,101,3.7
27.7,94.2,10,3.1
37.12,73.53,10,4
37.22,73.49,10,4.3
31.49,76.84,5,3.2
23.82,93.11,57,3.4
39.34,75.8,100,3.7
38.66,73.35,50,4.2
36.66,68.94,50,4.3
21.22,95.49,13,3.7
35.92,68.92,50,4
31.98,77.35,10,2.4
24.45,73.26,5,2.3
36.62,71.23,10,4.1
36.27,72.18,33,3.8
26.85,94.42,10,2.6
26.88,96.18,10,3.3
26.46,94.58,5,2.6
36.54,71.24,10,3.9
23.89,92.88,40.1,3.2
10.97,76.1,10,2.5
21.59,90.31,10,4.1
15.49,94.06,10,4.2
25.87,90.52,10,3.9
37.04,71,10,4.4
26.54,96.66,145,4.1
26.703,95.313,10,2.5
24.98,95,27.7,3.1
22.11,94.2,87,5.2
28.96,76.99,14,3.3
32.72,76.62,5,2.6
36.25,73.74,10,3.6
36.81,71.84,10,4
12.79,93.14,10,4.3
32.71,76.65,5,2.8
39.07,75.73,65,3.6
37.856,66.942,15.8,4.3
35.972,70.623,167,4.3
36.46,71.44,150,4
39.49,75.7,10,4.1
26.92,92.67,10,3.4
36.42,71.26,119,4.3
30.11,80.56,5,2.6
22.14,86.05,63,3.9
3.09,97.92,144,5.2
34.49,75.95,10,3.5
33.1,72.67,10,3.9
27.49,94.34,60,3.1
38.296,75.376,169,4.3
28.79,77.46,5,2.7
30.03,77.95,10,3.9
36.36,70.59,232,4.2
31.56,72.84,10,3.6
36.7,71.58,20,3.9
33.72,88.6,200,4.1
36.14,71.06,200,3.6
36.54,71.2,263,5.2
36.35,71.39,115,4.4
0.12,97.66,10,4.5
37.17,71.75,23,3.9
28.53,87.32,50,4
27.96,93.88,10,2.6
22.37,94.13,25,3.8
26.31,94.63,23.2,4.4
21.89,79.45,10,2.7
21.89,79.8,10,1.8
21.78,79.84,10,2.4
22.1,79.55,10,4.3
36.29,70.88,100,4.6
24.14,98.37,125,3.9
25.45,94.35,5,2.8
25.49,94.33,16,2.7
35.07,70.14,214,4.3
24.92,94.88,30,4
36.15,70.82,10,4.3
25.45,94.29,11.8,2.8
38.12,74.44,10,4.1
36.56,68.75,19.4,3.9
36.4,68.93,10,4.9
36.63,71.15,164,3.8
36.33,71.25,185,3.9
25.33,94.19,10,2.7
36.08,69.64,25,4.7
36.35,70.15,100,4.4
38.25,70.21,150,4.8
25.3,72.73,10,3
31.16,78.13,5,2.5
30.92,78.01,5,3.3
31.04,75.95,10,2.9
37.03,72.35,44,4.2
25.51,90.67,10,2.7
19.92,72.88,5,2.4
23.53,94.5,30,5.2
30.29,67.65,70,5.4
5.7,95.8,10,4.9
36.6,72.04,90,4.3
26.59,93.24,11,2.8
39.52,74.04,10,4.1
28.67,91.83,30,3.1
39.6,74.35,10,4.4
12.13,93.46,10,4.3
26.45,93.61,11,3.7
28.02,87.74,10,4.1
37.01,71.3,85,4.7
37.26,72.05,10,4.3
28.35,84.28,10,3.6
23.88,94.54,25,3.7
36.47,70.81,200,4.1
20,72.9,5,2.5
35.34,71.05,100,4.2
32.7,75.84,5,4
31.21,78.26,15,2.8
36.03,71.62,240,4.4
20.16,72.88,5,2.8
24.6,93.56,29,3.4
20.19,73.07,5,2.8
26.28,93.09,10,2.9
31.61,78.54,5,2.4
36.83,72.26,95,4
38.67,70.48,10,5.5
36.35,72.57,49,3.6
20.11,73.04,5,2.9
20.12,72.978,5,2.3
22.86,94.41,80,4.3
20.31,73.05,5,2.8
26.49,94.98,5,2.7
20.17,72.91,8,3.1
20.13,72.82,5,3.4
20.2,72.89,10,2.8
20.23,72.95,5,2.4
39.25,71.84,10,3.1
21.89,79.57,12,3.4
20.14,72.88,5,3.4
27.85,84.97,10,4.3
33.44,75.67,10,3.4
33.48,75.62,10,4
37.29,71.91,164,4.6
24.09,94.11,46,3.4
28.65,96.26,10,4.2
21.55,73.15,10,4.2
10.44,93.26,71,3.6
14.45,92.34,53,4.2
33.6,72.44,10,3.7
35.58,71.18,10,4.3
33.5,75.64,10,4.1
33.28,75.85,10,2.8
35.37,75.54,37,3.8
28.78,76.78,5,2.1
25.12,96.34,106,4.1
32.87,76.2,11,2.9
34.77,76.82,30,3.1
28.29,91.74,10,3.3
36.61,71.75,10,4.1
38.54,69.69,147,4.2
20.06,72.92,10,2.2
20,73.15,10,2.5
23.85,94.58,170,3.4
20.03,72.92,10,1.8
24.39,92.53,20,3.5
29.91,68.75,10,4.2
0.35,98.51,135,4.6
35.49,73.28,10,3.7
25.69,91.15,10,4.4
36.48,70.8,235,4
23.54,95.08,18,3.3
22.92,93.01,10,3.6
20.07,72.91,5,1.5
38.94,70.85,10,3.5
26.36,64.06,10,4.3
32.97,78.55,10,3.5
25.49,66.58,10,4.3
26.043,71.498,10,2.4
27.44,96.3,10,3.4
30.48,91,56,3.5
38.39,77.1,10,4.2
28.21,92.43,67,3.4
34.56,78.17,10,3.8
25.2,94.76,10,3.1
22,79.7,10,3.5
22.13,78.37,10,3.2
22.01,79.55,10,3.1
20.39,97,5,3.6
39.03,75.8,150,4.3
36.53,71.5,35,4.2
35.59,74.95,16,3.3
23.27,94.6,10,3.5
22.93,95.99,10,3.6
20,72.89,5,2.4
32.02,76.22,6,2.3
37.72,71.65,150,5.1
31.93,76.25,5,2.5
37.19,70.52,10,4.1
29.31,80.94,10,3.8
36.26,71.33,90,4.2
36.36,70.83,129,4.6
38.8,68.49,10,4.2
34.95,76.15,10,2.1
25.86,71.4,10,2.9
21.92,79.5,15,3.3
30.35,69.4,10,4.3
31.21,77.74,10,3.5
39.93,71.07,74,4.4
36.13,71.97,10,4.8
29.96,78.95,10,2.7
36.49,71.43,50,4.1
36.81,72.4,50,4
31.26,83.67,10,3.9
39.63,73.89,10,3.8
24.57,93.58,27,3.2
19.95,72.88,5,3.2
19.96,72.87,5,2.4
27.22,88.68,5,3.6
26.48,95.2,70,3.2
35.28,72.09,20,4.3
27.4,86.54,150,3.6
36.57,71.61,50,3.9
31.35,76.84,7,3.2
23.44,92.08,50,4.1
36.18,71.26,10,3.7
28.36,97.47,10,3.6
25.83,91.54,10,2.9
39.29,64.48,10,4.4
32.86,75.88,5,2.7
36.14,72.16,121,4.5
20.02,72.89,5,2.2
34.89,66.96,39,4.1
37.53,67.95,57,4.3
37.82,69.09,87,3.9
20.01,72.9,5,2.3
20.01,72.9,5,2.7
29.64,88.3,10,4
20.02,72.91,5,2.1
36.12,70.63,84,5
23.31,93.6,20,3.6
3.85,96.43,50,4.3
36.4,70.18,130,4.3
38.29,75.21,136,4.5
27.43,96.56,15,4.2
25.61,93.98,20,2.3
37.55,72.71,105,4.4
37.16,70.51,237,4.3
20.02,72.92,5,2.5
38.14,70.6,10,4.2
39.46,72.91,10,4.4
3.1,96.33,10,5.1
37.23,72.14,117,4.2
37.45,71.75,10,3.6
35.5,75.78,10,3.6
38.45,76.27,10,3.7
32.95,72.53,10,3.9
37.22,72.16,10,4.5
37.68,72.18,160,4.1
38.21,77.08,10,4.3
31.79,68.73,40,4.3
26.46,93.52,12,2.7
36.57,70.52,19,4.8
32.61,94.24,25,4.1
36.62,71.26,10,5.2
29.32,68.19,100,4.5
24.65,93.59,36,3.5
36.77,72.57,10,4.6
36.26,71.82,104,4.1
3.78,95.9,10,4.9
32.7,76.47,5,2.4
19.57,73.14,5,2.8
36.55,70.64,143,4.1
35.21,68.79,10,4.1
36.9,72.17,10,3.7
31.21,77.93,5,3.1
36.97,71.49,90,4.5
23.24,93.89,82,4.1
36.72,72.81,10,3.8
25.13,94.96,10,3.4
19.93,72.82,5,2.3
27.82,97.39,121,3.8
36.24,71.4,148,4.8
25.32,97.45,10,3.7
4.5,96.63,149,4.7
27.31,75.48,5,2.2
24.57,93.49,52,3.8
30.155,70.245,30,4.5
3.4,95.96,10,4.5
27.2,92.07,10,2.5
24.65,93.51,30,2.8
24.69,93.47,28,5.3
28.78,76.71,8,3
19.99,72.84,5,2.6
23.17,93.16,5,3.6
1.23,98.57,10,4.4
27.66,91.88,10,3
24.62,94.52,10,3.4
32.8,76.53,5,3.3
32.85,76.76,5,2.5
32.81,76.59,5,2.4
32.82,76.56,5,2.1
35.36,75.81,10,4.2
36.21,68.92,10,4.1
19.94,72.91,5,2.8
32.3,80.29,10,3.9
29.74,95.78,10,4.1
20.2,72.94,5,2.4
33.81,78.72,10,3.3
39.76,73.88,10,3.8
25.33,94.44,10,4.3
36.78,71.75,94.3,4.2
19.98,72.88,8,3.5
39.53,73.46,10,4.4
34.03,78.89,10,4.4
34.46,79.46,10,5.1
28.86,76.73,10,2.5
39.09,71.49,10,3
27.56,67.66,10,4.2
36.5,71.19,10,3.8
26.13,91.22,10,3.9
36.9,77.09,10,3.4
36.41,71.27,20,4
36.31,70.82,80,3.9
26.78,89.33,10,3.7
36.66,71.37,10,4
32.93,75.87,10,2.7
35.17,68.81,81,4.3
31.21,78.54,5,2.9
34.5,77.14,22,3.2
27.27,91.93,10,3.6
27.35,92.11,5,3.5
20.06,72.9,5,2.4
33.17,75.91,10,2.4
33.22,75.82,5,4.2
30.81,85.72,137,4.5
36.32,71.07,177,4.9
36.49,70.62,235,4.3
26.37,66.22,50,4.3
34.34,78.36,10,5.1
32.41,76.14,10,2.8
36.57,71.24,143,4.3
34.7,74.22,10,4.5
35.41,69.51,37.6,4.5
33.28,68.12,130,4.3
34.8,78.05,10,3.7
34.86,78.05,10,3.6
34.28,78.2,5,2.6
34.96,78.59,21,5.4
36.35,70.4,214,4.1
36.55,73.94,10,3.7
33.72,72.61,85,4.3
36.48,70.34,213,4.2
24.66,94.26,65,2.9
20.06,72.91,3.5,2.6
34.15,74.7,5,3.6
20.06,72.9,8,2
20.07,72.9,10,2.1
20.01,72.79,5,3.5
26.27,91.2,71,4.2
31.18,78.51,10,3.5
27.22,92.67,10,3.2
20.12,72.98,5,2.4
20.05,72.93,10,2.4
20.17,72.95,5,2.8
23,93.65,45,4.6
27.15,90.04,10,2.9
25.23,93.94,19,2.9
26.24,90.15,10,3.8
32.74,76.36,5,2.8
37.64,72.45,12,3.8
37.93,74.19,10,3.6
23.41,94.51,20,4.3
37.92,73.82,10,5.1
36.14,69.7,10,4.1
29.65,68.69,116,4.6
35.53,94.67,10,4.8
36.35,72.28,200,4.4
16.67,75.96,10,3
25.44,93.59,31,2.7
27.74,85.82,10,5.3
25.38,95.06,155,3.7
20.05,72.9,5,2.7
31.68,93.73,120,4.2
39.58,74.69,10,3.9
39.62,73.88,10,4
36.55,71.75,145,3.9
19.96,72.86,5,2.9
34.02,64.92,130,4.8
32.39,76.39,10,2.5
4.41,96.8,140,4.8
15.8,96.39,80,4.3
17.28,73.71,5,2.5
27,92.14,10,2.9
24.65,96.06,5,3.6
35.77,69.5,329,3.9
19.89,62.95,276,3.5
39,92.18,10,5.3
27.21,87.92,10,4.2
37.4,72.29,171,3.9
19.99,72.83,5,3.6
33.33,75.62,5,2.9
20.02,72.67,10,2.5
19.94,72.7,10,2.2
19.95,72.76,10,3.5
19.98,72.77,10,2.6
19.94,72.79,10,2.6
19.99,72.7,10,2.8
19.84,72.41,10,3.5
27.76,87.8,10,3.5
33.03,73.63,10,4.3
23.99,94.81,114,3.8
37.34,72.07,190,3.8
33.02,73.63,10,3.6
37.93,72.78,10,3.6
28.12,89.95,10,3.1
27.39,88.81,10,2.8
36.75,72.27,10,4.6
37.19,72.02,10,4
20.05,72.9,10,3.2
20.08,72.85,5,2.3
20.01,72.89,10,2.6
20.01,72.8,5,2.5
20.01,72.8,10,3.8
38.07,73.99,90,4.4
10.46,92.03,20,4.2
13.22,93.18,20,4
20,72.82,1.8,3.1
26.44,93.42,32,3.1
1.87,90.92,46,4.7
26.47,95.85,10,4.3
19.99,72.8,5,3.5
27.83,92.24,10,3.4
9.88,94.01,82,4.3
19.99,72.88,5,2
19.96,72.83,5,2.7
19.99,72.88,5,3.6
19.98,72.85,5,3.6
25.68,90.29,10,2.4
19.9,72.83,10,2.8
24.5,94.49,32,2.4
23.16,70.25,5,3.3
31.89,93.56,150,3.8
3.63,96.03,10,4.7
19.96,72.81,5,2.5
36.37,71,170,4.3
26.37,96.67,190,3.4
24.88,95.03,130,5.1
25.22,94.42,50,3.7
35.31,81.05,230,4.3
28.09,88.14,65,3.8
34.34,68.23,150,4.6
36.19,69.55,427,3.7
36.87,76.23,330,3.9
35.84,71.35,210,4.3
34.37,70.1,40,4.3
25.92,94.61,21,2.5
36.9,72.23,10,4.5
23.27,93.24,10,3.7
19.95,72.82,5,2.6
33.27,72.53,10,4.4
23,93.27,5,3.3
27.51,92.8,5,2.5
27.93,92.03,5,3.4
27.13,92.48,10,3.4
23.17,93.21,25,4.1
23.16,93.18,25,3.6
23.16,93.2,30,5.3
36.19,72.05,250,4
36.39,71.36,190,5.1
23.79,88.36,10,4.1
35.663,82.446,10,4.6
29.44,80.84,10,3.8
30.61,78.89,10,3.4
25.63,96.44,90,4
27.7,96.79,120,3.7
30.42,87.46,20,4.4
23.25,70.6,30,4.1
19.9,72.71,5,2.7
20.07,72.71,5,2.5
26.241,95.44,102,4.4
19.96,72.78,5,3.1
20.15,72.83,5,3
19.92,72.79,10,2.8
36.46,70.59,10,4.5
37.9,72.48,10,3.6
22.98,94.02,98,3.7
36.79,69.73,70,4
27.82,94.19,10,3.5
39.61,74.48,10,4.1
39.339,71.93,10,4
24.79,87.81,10,4.3
24.22,94.35,70,3.5
36.72,71.09,195,3.6
9.66,93.11,10,4.7
32.19,96.39,50,4.2
34.23,81.12,240,4.1
36.87,71.44,65,4.3
20.14,72.96,5,2.2
30.48,87.08,140,3.9
30.082,94.598,128,4.3
33,86.82,90,4.7
26.67,92.79,40,2.6
24.57,94.7,35,2.8
30.89,95.47,10,4.5
28.07,66.33,140,4.5
39.68,73.91,165,4.5
36.8,71.29,250,3.9
17.35,73.69,5,2.9
36.15,71.32,90,3.3
36.67,70.29,212,3.6
29.73,94.66,165,3.7
29.66,94.2,195,4.1
25.24,65.37,10,4.3
36.79,70.72,10,3.1
37.35,72.17,10,4
23.12,93.24,10,4
25.87,93.27,14,2.5
38.57,69.747,10,4.9
30.41,94.54,10,4.2
30.43,94.73,10,4.3
39.23,95.28,10,4.5
28.16,67.02,10,4.5
28.12,66.49,30,5.4
30.37,95.79,178,4.6
37.29,71.92,160,4.3
39.04,74.73,10,4
25.22,94.28,30,3
29.66,95.73,183,3.5
20.87,94.86,80,4
29.56,94.93,35,3.7
30.46,94.83,30,4.8
24.11,93.8,15,4
36.7,70.18,190,3.6
19.92,72.81,3,2.9
31,80.12,10,3.9
36.632,70.146,248,3.6
39.845,77.225,10,4.1
30.299,94.709,10,4.4
29.65,94.49,200,4.1
36.88,70.94,200,3.5
27.37,88.85,10,3.8
36.37,68.96,90,4
28.16,77.24,5,2.1
30.1,94.56,10,4.3
19.18,84.11,16,3.8
26.6,92.59,10,3.5
24.61,94.89,81,3.8
36.5,70.66,85,3.6
27.65,75.76,26,3.1
36.07,71.35,200,3.5
36.26,69.1,70,4.2
27.24,92.08,20,3
39.93,70.27,130,3.6
28.807,76.719,5,2.9
38.83,71,10,3.9
31.47,90.22,140,4.2
36.58,70.87,150,3.8
26.75,97.38,253,4
36.02,69.16,10,4.8
32.88,86.7,10,4.2
24.36,93.59,30,3.5
21.44,72.81,5,3
36.72,70.53,35,3.4
36.2,71.07,10,3.1
37.01,72.03,80,3.3
39.77,77.3,10,4.8
37.475,72.094,184,4.1
36.69,70.17,178,2.8
35.38,69.39,10,4.4
34.57,82.23,10,4.2
34.44,81.77,10,4.1
36.98,71.45,80,4
36.52,71.08,30,3.3
29.91,94.45,20,4
36.59,70.9,130,3.5
32.94,86.72,10,4.5
37.62,70.78,65,3.6
30.01,94.56,10,4.3
36.43,70.09,10,3.1
30.13,95.08,10,3.9
30.041,95.095,10,4.3
31.28,74.57,11,3.1
28.25,88.06,147,4.3
29.91,94.64,145,4.3
32.67,69.8,86,4.1
29.72,95.15,153.1,4.4
36.28,71.08,10,3.6
25.99,94.96,16,3.6
25.58,94.19,5,2.8
19.964,72.843,6,2.8
36.7,70.16,176,3.1
23.22,93.26,10,4.4
36.47,70.9,10,3.9
36.75,71.21,10,4.8
30.21,94.65,154,4.8
24.56,94.55,60,3
32.592,76.346,10,3.1
30.08,94.56,30,4.6
32.574,67.136,10,5.4
25.09,95.04,10,4.1
0.73,98.71,10,4.9
30.69,95.73,10,3.8
33.38,93,10,4.2
36.01,71.163,85,4.2
29.2,94.29,160,4.2
37.66,75.82,10,3.9
23.03,94.38,95,4
30.25,94.78,10,4.5
28.12,65.16,10,5
23.27,93.53,10,3.8
26.18,93.04,25,3.5
29.14,77.18,10,3
33.05,75.89,5,3
19.96,72.83,5,3.1
37.49,68.06,30,4
37.34,69.38,40,3.2
36.66,71.36,150,4.2
32.82,86.68,200,4.6
38.48,69.35,10,3.2
38.59,69.86,30,3.4
36.18,71.2,10,3.8
30.21,96.81,10,4.6
33.1,86.73,10,4.5
24.69,95.04,10,3.8
34.6,71.51,10,4.2
33,86.8,10,6.2
36.58,70.53,10,3.9
39.09,69.29,10,2.9
32.302,76.629,3,2.9
32.301,76.629,5,2.7
36.513,70.819,192,4.2
33.85,72.28,180,4.1
36.53,71.14,196,3.9
36.47,70.95,18,3.8
30.29,94.8,46,4.5
12.76,95.44,10,4.2
30.33,94.75,35,4.6
37.42,72.12,204,4.7
33.01,75.87,5,3.5
36.23,69.38,198,4.2
31.13,70.22,30,4.4
30,93.75,10,4
30.28,94.72,32,4.4
36.48,70.7,230,4.3
23.24,93.29,20,3.2
24.98,94.63,10,3.5
17.36,73.92,10,3.5
30.43,94.86,35,4.8
35.94,77.21,40,4.1
21.33,95.3,30,3.7
36.41,70.27,10,3.8
37.33,71.62,10,4.2
35.41,70.67,10,4.5
29.9,95.19,10,3.1
37.29,74.76,10,3.9
37.39,74.64,10,4.3
21.81,97.21,10,4.4
36.99,71.37,90,3.6
23.31,93.48,10,3.5
37.28,71.95,130,4.3
24.74,92.6,63,4
36.69,71.33,190,4.7
11.77,95.17,10,5.7
11.48,95.42,10,4.5
23.19,93.27,80,3.7
23.29,93.35,78,5.1
8.87,95.49,185,5
11.91,95.14,10,5.6
11.47,95.12,62.3,5.1
23.17,93.22,10,4.2
35.39,69.42,150,4.6
11.85,95.65,10,4.5
11.73,95.02,10,4.8
32.99,75.88,5,3.9
36.76,71.41,150,4.3
24.14,94.6,80,4.5
33.03,75.9,10,4.1
23.98,96.6,10,3.6
26.49,90.12,11,2.6
24.54,92.4,18,4.1
22.21,70.93,10,4.5
24.65,94.92,15,3.7
31.69,76.21,10,2.3
34.29,70.04,65,3.7
36.97,72.48,134,4.5
36.26,70.38,180,4.2
36.36,70.29,250,3.4
36.39,69.43,10,3.3
37.42,68.56,10,3.5
23.32,94.35,72,3.9
36.37,71.17,121,5.5
26.56,94.87,10,3.5
26.36,91.57,60,2.5
5.31,94.31,10,5.2
36.01,83.46,30,4.3
14.64,93.11,27,4.3
36.659,67.898,60,3.6
37.01,73.1,150,3.7
36.76,71.01,150,3.6
39.19,72.56,10,3.3
37.99,69.16,10,3.3
36.29,70.99,108,5
38.35,73.03,50,3.5
37.44,72.25,174,4.3
36.58,70.66,178,4.1
36.68,70.7,260,4.3
37.3,71.9,141,4.4
28.99,98.73,86.4,4.4
36.89,70.44,215,3
37.33,68.15,30,3.8
36.62,69.92,84,3.4
23.3,93.18,10,4.3
39.34,69.34,149,4.5
25.5,91.47,5,2.5
36.67,71.51,150,3.6
26.34,93.15,35,2.7
35.87,70.78,130,3.4
11.68,93.38,150,4.4
32.98,73.54,10,4.3
37.64,71.88,143.4,3.4
37.39,71.02,60,2.8
28.36,92.12,170,3.4
37.52,77.72,100,4
31.24,78.46,7,3.2
33.05,73.56,5,4.3
34.36,68.98,90,4.7
36.74,71.36,200,4
36.77,71.33,200,3.8
38.02,77.75,150,4.2
23.24,93.24,77,4.6
23.56,70.36,27,3.9
36.28,71.52,30,4.2
36.44,71.15,30,3.7
38.11,74.17,134,4.7
35.43,82.21,150,4.2
36.5,71.01,150,4
39.5,71.05,70,5.4
28,76.69,35,4.7
23.02,93.53,25,4.6
39.85,77.01,66,4.3
37.79,69.85,15,3.2
36.45,71.1,70,3.9
35,71.6,30,4.2
32.95,75.86,5,3.6
32.93,75.88,5,4.4
32.74,69.74,60,4.1
36.39,71.11,120,4
36.05,71.56,252.7,4.2
37.11,71.89,180,4.5
25.99,92.2,5,2.6
25.37,91.58,8,2.9
33.14,76.03,5,4.6
36.82,71.36,167,3.8
33.13,75.82,10,4
28.86,76.47,8.6,2.4
28.83,76.73,5,1.8
37.04,71.47,85,5
34.27,71.87,10,4
36.65,70.93,18,3.5
36.86,72.78,80,4.3
25.1,94.3,59,2.3
25.81,90.33,6,3.9
24.74,94.4,60,4
12.98,92.7,45,4.1
28.92,76.58,5,2.4
37.24,72.42,100,3.8
35.05,81.15,170,4.4
36.51,69.92,75,4.9
36.23,70.53,10,3.6
20.96,94.32,68,4.5
36,74.82,25,4.5
25.38,89.43,10,3.3
28.83,76.77,10,2.8
35.72,82.35,10,4.5
35.58,82.35,173,4.3
35.64,82.56,40,4.4
35.31,82.46,10,5
35.57,82.42,10,6.1
35.54,82.23,174,4.6
36.49,70.56,240,4
24.83,92.54,58,2.8
26.17,94.24,6,3.8
28.98,76.72,7,2.2
23.26,93.34,136,4.5
23.47,94.07,100,4.2
33.14,70.71,60,4.3
33.13,70.7,10,4.3
28.83,76.75,5,2.8
37.48,69.42,10,3.1
23.18,93.25,10,4.1
22.89,93.64,10,3.2
23.01,93.03,25,3.7
19.54,77.1,5,3.3
37.1,71.66,125,3.3
38.73,70.7,10,4.8
19.33,83.14,5,3.6
25.77,94.54,6.6,2.8
37.66,71.53,30,4.1
23.22,93.24,20,5.5
37.09,71.16,58,4.3
35.99,69.25,140,3.9
32.33,85.48,102,4.6
23.88,93.09,30,5.1
33.32,73.66,10,2.6
28.76,76.81,10,1.8
39.09,68.89,10,3.4
36.59,70.96,30,3.4
28.84,76.75,5,2.3
37,72.15,140,4.7
22.82,94,80,5
32.62,71.34,291,4.4
36.49,70.06,247,4.4
35.87,71.08,98,4.5
6.56,92.81,10,4.8
28.81,76.73,5,2.1
36.57,70.75,10,3.4
25.34,63.66,10,4.7
20,72.8,10,2.5
36.6,70.9,180,4.4
31.14,72.06,18,3.9
33.93,70.57,14,3.6
19.07,94.1,21,4.9
36.48,70.96,230,5
33.02,75.85,5,3.9
36.1,69.8,88,3.9
34.1,75.7,10,3.6
23.4,70.3,15,3.5
36.2,70.5,178,3.5
23.3,70.4,10,4.1
33,75.9,5,3.9
33,75.9,5,3
33,75.9,5,3.2
33,75.9,5,3.4
33.1,75.8,5,2.3
36.2,70.9,150,3.8
33,75.9,5,2.9
23.3,70.4,10,5.3
36.5,69.6,130,3.8
38.4,73.4,114,3.9
23.2,93.6,48,5
26.7,96.2,112,4.4
36.9,71.4,95,4.2
24.4,93.7,30,2.9
39.6,74.8,45,4.2
38.6,68.5,60,3.6
30,69.5,35,4.3
32.9,72.6,10,4.2
34.29,72.58,31,4.4
26.4,91.3,10,3.4
31.8,69.9,30,4.4
38.3,74.6,150,4
38.2,74.1,150,4.6
39.9,74.7,30,3.4
24.7,94.9,110,3.6
37.4,76.7,60,4
32.2,76.3,10,2.6
32.6,76.1,5,2.5
34.2,70.6,150,4.7
20.1,72.8,7,2.8
19.2,72.2,10,3
14,92.3,50,4.3
25,93.9,28,2.9
28.8,91.9,10,4.5
29.7,60.8,10,4.7
38.1,76.1,145,4.2
28.85,76.76,19,2.1
37.9,72.6,124,4.2
28.7,76.7,5,1.8
36.1,70.7,160,3.7
1.8,97.2,10,4.9
35.258,90.868,10,5.4
35.44,72.25,270,4.8
37.5,72.3,159,4.2
37.6,71.3,255,3.9
25.6,91.4,10,2.3
36.2,71.2,62,4.1
28.4,77.5,4,3
36.7,71,15,3.5
24.8,91.1,55,4.3
25.1,93.8,23,3
37,71,200,3.5
24.7,96.3,100,3.9
19.5,77.1,10,3.4
28.2,91.9,10,3.5
30.8,78.7,5,2.8
28.8,76.7,10,3
28.7,76.7,5,1.8
32.2,74.5,10,3.3
25.1,94.9,82,4
36.4,70.9,130,4
27.8,84.9,40,4.1
35.08,78.33,15,4.2
36.9,70.7,227,4.2
25,64.5,10,4.6
23.2,93.8,5,3.2
28.8,76.7,10,2.9
28.8,76.7,15,4.5
36.4,70.2,220,4.2
11.7,92.4,10,4.5
35.3,79.3,150,4.3
28.4,77.4,10,2.5
36.5,70.7,149,4.3
36.2,70.7,16,3.6
36.7,71.7,70,3.4
34.4,70.6,10,4
38,69.3,15,3
38,69.3,12,4
34.38,70.45,84,4.4
37.9,72.7,160,4.8
36.7,71.5,146,4.2
31.1,92.62,10,4.8
24.4,93.6,32,2.6
24.4,93.7,40,5.2
35.9,68.9,32,3.7
36.1,70.8,90,3.4
33.3,67.8,30,4.6
34.4,70.2,38,4.4
35.8,70.9,78,4.9
36.7,72.8,184,3.9
37.3,72.4,150,3.9
37,71.9,140,3.9
14.2,94,80,4.7
11.5,93.4,10,4.1
32.7,85.6,130,4.4
36.9,71.5,180,4.3
23.6,94,16,3.4
32.6,85.6,148,4.7
36.2,78,10,4.1
36.4,70,30,4
24.84,95.11,137,3.8
37.87,69.52,30,4.5
32.8,85.6,153,4.3
25,94.9,113,3.6
27.2,92.4,10,2.3
37.6,72.4,100,4.6
36.4,69.8,70,4.8
27.88,75.82,20,3.2
23.9,94.3,22,4
36.9,71.9,233,4.3
32.3,76,5,3.5
32.7,76.7,5,3
20.57,95.84,60,4.7
25,94.7,110,3.2
1.1,92.2,45,4.9
36.7,71.3,248,4
36.4,70.9,140,3.9
31.5,77.4,10,3.8
32.8,72.6,30,4
36.3,71.2,92,4.6
25.5,91.6,10,2.2
36.5,70.5,196,4.5
26,62.3,30,4.9
37,72,90,4
28.7,77.2,22,2.2
30.3,65.5,10,4
36.3,71,170,3.8
36.7,71,125,3.6
29.6,70.5,175,4.1
39.7,73.7,10,3.7
39.6,73.9,40,4.7
36,70.2,237,4.2
30,87.3,178,4.1
30.6,70.9,10,4.2
36.5,67.7,10,4.2
26.1,89.9,22,2.9
26.8,93.4,10,2.8
27.7,86.1,10,4.7
36.5,70.8,140,4.3
36.43,70.87,152,4.2
24.9,93.9,47,4.4
37.1,72.3,11,3.8
23.6,94.3,120,4
36.4,70.6,120,4.1
36.6,71.3,140,3.8
36.5,70.9,184,4.6
36.2,69.6,150,4.2
28.8,77.2,5,3.4
30.6,79.1,5,2.1
26.9,93,21,2.6
37.9,72.2,80,3.4
23.9,93.1,25,2.8
21.5,70.9,20,4.3
24.3,93.8,30,3.4
36.3,70.7,130,3.5
36.5,71.5,140,3.9
28.5,87.3,30,4.3
36.1,70.7,150,3.5
36.5,70.7,179,4.4
36.5,70.3,175,4.3
32.8,76.2,10,2.4
32.8,76.1,7,2.9
26.5,92.7,34,2.7
39.9,73.7,14,3.6
15.9,94,46,4.5
39.6,74,16,5.2
25.94,90.89,6,2.9
21.45,94.89,10,3.7
27.45,93.48,10,2.7
28.4,77.4,10,2.3
24.2,94.4,84,3.5
25.8,90.6,6,3.1
27.2,92.8,10,3.6
26,92.5,5,2.6
30.7,78.7,5,2.5
37.2,71.8,117,3.3
26.3,93,46,3.5
32.5,78.8,10,3.4
20.2,72.9,10,2.3
28.9,77,5,3
24.2,82.4,10,3.8
27.2,91.4,140,3.1
36.6,71,240,4.3
25.9,95.2,100,3
26,94.8,19,3.6
32.1,89.3,20,4.3
1.4,99.6,43,5.3
30.04,80,5,2.9
39.7,77.1,217,4.2
24.7,60.9,10,4.6
39.6,69.5,125,3.9
36.48,70.6,180,4.8
32.3,76.1,19,4
36.7,70.9,266,4.3
12.3,92.8,10,4.4
19.5,77.2,9,3.4
30.2,77.5,23,2.4
37.2,71.5,102,4.6
37.2,71.5,167,4
27,88.8,10,4
36.96,72.29,10,3.9
27.8,91.1,5,2.6
32.5,76.4,5,2.4
30,69.7,30,4.4
30,69.6,10,4.6
36.3,71.2,150,4
34,72.2,10,4.2
37.9,68.5,141,4.9
37.4,68.7,10,4.5
37.4,68.7,10,4.5
38,73.9,125,4.2
36.1,71.7,206,4.8
37.6,68.6,10,4.8
24.1,95.67,10,4.1
36.1,68.7,10,4.5
37.6,68.84,5,4.4
33,76.2,5,3
29.8,84.1,10,4.2
37.3,72,170,3.9
20.6,78.6,10,3
21.5,94.4,10,3.9
37.2,71.7,151,4.2
36.2,70.9,210,3.7
39.2,71.5,10,4.7
30.4,79.3,5,3.3
36.4,70.7,195,4.2
33.5,70.8,65,4.1
9.5,93,10,4.7
28.9,76.7,10,3.2
29.5,76.3,5,3.1
29,70,190,4
38.62,70.3,40,4.3
31.67,67.27,167,4
20.35,93.19,10,4
33.1,76.3,10,2.6
31.5,93.4,10,4.3
28.9,76.7,10,2.9
25.81,90.23,22,3.8
32.69,97.42,10,4.2
29.9,79.8,5,2.4
36.3,71.3,178,4.4
37.5,72.4,179,4.2
22.6,93.7,64,3.6
36.7,71.2,92,4.6
36,71.9,303,3.7
37.6,73.4,10,3.5
27.6,93.7,10,4.2
38.7,73.1,140,3.5
39.9,71.3,10,3
37.5,72.2,210,4.4
36.3,70.7,144,4.5
33.2,75.9,5,3
33.3,71.5,18,3.8
22.6,94,70,5.9
39.7,74.6,10,3.1
28.7,77.1,10,2
36.7,71.6,172,4.4
27.4,86.5,10,4.4
35.7,71.1,136,4.3
31.1,71.8,205,4.6
36.7,71.6,140,4.7
3.8,96.2,75,4.5
37.3,72.3,160,4.4
37.2,71.8,98,4.4
33.3,69.5,10,4.2
27.7,92.7,15,3.7
36.3,71.9,140,4.5
29.6,82.9,10,3.9
25.1,91.8,34,3.3
22.9,93.9,115,3.7
12.1,92.8,16,4.3
30,80,5,3.6
37.4,71.7,192,4.3
28.7,77.2,5,2.7
37,71.7,150,3.8
32.2,72.6,10,3.9
28.7,77.2,8,3.5
39.8,77.02,10,4
36.7,70.9,272,4
29.3,70,10,4.1
37.4,68.6,10,4.2
39.8,77.5,116,4.5
36.5,70.8,176,4
36.4,70.8,10,4
37.6,74.4,100,4
36.7,71.1,300,3.8
30,80,5,3.1
35.68,70.86,150,4
36,70.3,109,4.7
33.3,76.6,10,3
27.3,91.6,10,2.8
24.7,94.8,102,3.7
36.7,71.4,204,4.7
36.5,68.2,96,4
32.6,96.3,10,4.1
28.6,77.6,15,2.4
32.7,76.1,2,2.2
25,94.3,40,3.3
27.3,91.7,32,3.7
23.5,87.1,15,4.1
32.6,71.2,10,3.4
39.7,73.9,10,4.7
37.2,72.2,21,4
31.2,78,5,2.8
27.3,88.6,5,3.2
32.9,86.6,10,4.5
24.7,94.1,49,3.1
27.6,92.7,5,3.1
20.2,72.9,10,2.6
29.5,95.4,10,4.4
37.4,71.9,127,4.2
32.8,74.3,199,4.2
29.6,77.6,5,2
33.1,76.17,5,2.6
2.87,95.82,10,4.7
20.2,72.9,5,2.2
26.3,93.5,13,2.5
36.7,71.2,191,4.1
36.3,71.2,86,4.6
36.3,71.2,113,4.6
36.5,70,92,4.3
36.4,70.1,198,4.6
28.4,85.7,20,4.2
32.3,76.6,5,3.1
32.3,97.2,10,4.5
36.6,70.9,232,4.5
26.7,93.4,5,2.5
20,72.9,10,3.1
26.8,92.7,12,2.9
26.4,92.7,38,4.3
31.7,68.8,99,4.2
29,76.7,8,2.5
36.7,71.4,236,4
36.66,71.13,250,4.1
34.2,70.1,10,4.2
32.7,85.5,10,4.5
35.5,74.8,60,4
32.6,85.4,10,4.8
30,87.6,194,3.8
36.6,72.2,56,4
23.9,92.4,31,2.5
26.2,93.1,26,3.2
12.3,76.7,40,3.2
36,70.4,180,4.3
27.3,92,15,2.9
36,72,186,3.5
26.2,97,20,3.6
38.2,83.7,10,4.2
32.8,85.6,10,4.2
32.9,97.9,10,4.5
37.7,73.6,165,4.2
20,72.8,18,3
30,80,5,3.3
32.5,97.2,10,4.2
33,98.8,10,5.3
36.1,71.5,88,4
34.6,72.9,15,3.7
25.71,91.74,15,3.2
39.7,72.5,147,4
37.2,71.7,114,4
36.6,71.1,201,4.9
38,74.07,150,4.1
32.7,76.1,5,3.6
39.4,73.6,10,4.1
32.7,76,5,2.9
36,69.8,158,4.5
32.7,76.1,5,2.5
24.9,93.6,16,2.6
32.9,76,10,2.5
32.7,76.1,5,2.5
32.7,76.1,10,4.5
39.81,77.3,30,3.9
39.27,71.96,80,3.1
32.73,76,3,2.6
27.35,91.19,10,2.8
32.75,76.14,3,2.3
25.9,91.1,13,2
35.1,73.4,10,3.5
32.8,76,5,2.4
36.5,70.3,224,4.1
36.68,71.26,200,4.8
27.2,91.96,15,2.7
37.49,72.5,180,4.6
26.5,93.4,11,2.5
32.65,76.26,2,3.2
32.95,76,3,3.1
32.73,76.2,3,3.6
32.74,76.17,3,2.4
32.38,76.78,3,3
32.73,76.25,3,2.6
32.75,76.08,3,4.2
32.72,76.18,3,3.5
32.73,76.23,3,2.6
32.74,76.22,3,2.9
32.74,76.2,5,2.9
32.73,76.23,3,2.9
31.5,72.1,21,4.5
38.6,71.2,207,4.6
36.3,71,104,4.5
37.7,77.3,33,3.8
36.4,70.4,150,4
25.6,93.4,25,2.8
25.1,91.9,39,2.4
24.5,94.5,30,3.8
34.8,86.1,240,4
28.6,87.3,10,4.2
28.6,87.3,10,3.7
24.7,95.1,126,3
8.2,92.4,10,4.5
28.6,77,6,2
32.9,73.6,22,3.4
27.8,76.5,10,3.3
25.77,94.16,15,2.8
25.7,94.2,20,2.8
36.4,70.7,200,4.2
25.6,97.3,155,3
37.3,72.3,10,3.5
25.5,91,5,2.9
37.2,72.1,154.5,4.3
23.2,94.3,118,4.5
37.1,71.9,230,3.9
18.4,82.3,10,4
30.8,78.9,56,3.2
36.7,72.2,172,4.5
36.1,70.6,304,4.1
37,71.8,10,3.7
36.8,71.4,10,3.4
35.8,70.7,10,3.5
27.2,92.8,5,3.2
28.6,87.3,10,5.6
36.8,70.7,15.8,3.1
38.9,72.5,45,4.4
38,74.2,90,4
8.8,93.9,40,4.2
20,72.9,10,3.3
31.2,79.2,5,3.3
34.8,72.3,39,3.7
34.3,69.6,150,4.2
32.5,85.3,150,4
25.5,90.9,10,3.2
34.4,85.9,10,4.4
36.5,69.8,10,4.3
26.9,75.3,39,3.1
36.8,71.4,10,4.1
32.5,85.5,51,4.5
28.2,84.2,10,4.1
36.9,71.2,160,4.4
29,95.2,30,4
27.7,91.1,10,2.9
36.3,70.8,180,4.2
27.2,92.1,19,2.5
38.9,70.5,10,3.7
35.9,69.3,150,4.4
32.7,85.5,10,5
32.5,85.2,130,4
32.5,78.6,10,4.1
38.2,74.1,166,4.2
30.7,78.6,10,2.6
3.5,97.6,190,4.7
36.9,72.8,250,3.9
37,71.5,10,3.9
36.7,71.3,180,4.2
32.8,85.6,10,4.1
27.8,94.3,10,2.5
20,72.5,10,2.9
25.7,94.5,10,2.7
32.4,85.4,186,4.3
32.8,85.5,33,4.6
32.6,85.3,10,4.8
32.7,85.5,10,5.3
19.9,73,10,2.3
20.9,81.8,30,4
36.7,71.3,39,3.5
29.9,79.9,5,2.4
32.8,85.5,10,4.5
34.4,73.3,15,3.6
36.8,75.6,10,4.2
35.9,70.4,349,4
23.2,96.1,48,4.5
34.8,73.3,18,3.7
40,70.3,10,3.7
36.2,71.3,10,4.2
35.7,77.6,110,3.6
24.7,94.3,14,3.4
34.1,71.5,269,4.1
27.8,66.3,30,4.5
29.5,67.5,10,4.1
27.3,94,8,2.8
25.6,96.9,13,4.3
36.6,70.9,239,4
31.4,94.8,140,4.1
33.3,75.6,5,3.4
36.5,70.8,110,4.1
24.3,96.5,10,4.2
25.9,90.8,0.8,2.4
17.2,93.7,30,4.5
38,74.2,200,4.3
24.2,94.7,160,3.6
36.2,71.6,150,4
32,89.4,10,4.2
37.6,72.2,158,4.2
33.7,80.4,10,4.8
35.02,69.73,38,3.4
36.2,71.3,200,4.1
31.3,77.4,5,3.2
27.9,94.2,5,3.2
26.5,92.1,10,4.2
36.5,71.3,180,4
33,76.2,10,3.2
37,71.3,110,3.7
24.7,91.8,10,2.8
33,76.1,10,2.8
35.7,70.6,50,4.3
32.9,76.1,10,4.1
33,76.1,5,3.1
35.2,71.9,80,4.7
31.4,77.4,5,2.7
36.3,71.4,110,3.2
36.2,70.2,100,4.1
33,76.1,10,3.6
19.5,77,29,2.5
33,76.1,10,2.7
33.4,76.3,10,5.2
25.5,91.1,5,3
32.9,76,5,3.6
37.2,72,125,4.8
31.8,77.3,5,2.2
36.4,77,231,3.9
24.4,90.3,100,3.7
25.5,91.7,14,2.7
24.8,91.7,10,3.8
28.9,76.7,6,2.4
24.4,94.4,73,3.2
25.8,97.2,10,3.8
37.56,71.6,200,4.1
25.5,97.4,39,3.8
36.59,70.45,160,4
37.3,71.9,180,4
26.2,92.6,28,2.8
25.7,94.9,30,3.4
23.9,94.3,26,3.4
37.1,71.8,113,4.8
27.4,91.9,5,3.4
33.2,75.9,9,2.9
39.7,77.5,10,5.1
36,71.2,10,3.7
24.9,91.4,10,2.9
19.8,88,10,4.7
25.5,92.8,15,3.3
34.4,85.7,10,4.8
36.2,72.2,180,4
29.5,81.5,10,3
38.7,71.8,80,4.5
30.3,85.6,33,4
37.41,72.46,100,4.6
31.5,77.5,5,2
36.7,71.5,169,4.2
33.8,75.9,17,3.6
25.6,93.8,8,2.6
34.4,76.1,8,2.2
35.5,74.7,74,4.1
36.1,74.9,10,4
36.2,70.05,180,4
36.26,71.85,150,3.5
34.7,77.6,10,3.6
34.58,77.66,10,3.2
26.3,93.1,30,2.9
24.6,94.7,17,2.7
36.6,71.9,200,3.5
28.6,76.6,9,2.3
39.5,73.3,10,3.2
39.5,73.3,10,4.2
22.94,93.36,3.4,2.8
25.28,94.84,127,2.9
21.7,93.5,30,3.5
26.2,92.9,27,2.5
25,94.6,76,3.6
36.6,72.6,90,3.9
36.32,71.28,200,4.2
39.4,73.5,10,3.5
26.6,92.2,5,2.6
37.1,70.9,230,3.7
30,87,10,4.4
38.6,70.12,40,3.8
36.2,70.4,150,3.5
4.6,83.5,10,4.5
17.8,93.7,10,4.1
24.9,95,120,3
36.6,71.4,213,4.3
36,70.6,127,4.4
37.2,72.2,70,4.2
32.9,73.6,10,3.5
11,92.8,10,3.2
13.3,93.2,19,4.3
22.9,94.6,13,3.5
32.8,76.5,5,2.6
23.1,94.7,20,4.1
20.3,93.7,10,3.8
12.6,93.2,10,4.3
33.2,76.3,10,2.5
36.3,70,150,3.9
26.3,90.8,13,2.9
24.7,94.7,35,2.8
25.56,93.08,20,2.6
26.3,90.7,10,5
29.8,80,20,4.7
23.37,94.15,10,3.2
28.98,76.71,5,2.1
23.65,93.53,10,3.7
11.22,93.62,10,4.9
18.5,73,10,2.5
36.4,71.1,110,3.4
7.3,73.7,10,4.5
26.2,65.9,37,4.4
32.8,70.3,10,3.8
36.3,71.2,107,5.2
22.1,94,203,4.4
32.6,78.9,16,3.6
34.5,70.7,122,4.9
33.4,64.9,86,4.5
32.8,76.4,5,2.5
37.4,72.2,150,4.5
39.6,73.9,30,3.7
23.2,94.3,180,4
39.8,72.1,10,3
38.1,73.3,10,3.7
36.4,71.3,90,4.4
36.3,71,10,3.7
38.32,75.27,198,5
28.8,95.5,49,5.1
31.7,75.8,19,2.4
34.8,65.6,10,4.7
31.06,66.38,190,4.7
24.6,97.8,10,4.4
20.1,72.8,9,3.3
39.8,77,76,4.7
36.9,71.9,40,3.5
12.3,94.3,17,3.5
25.4,94.7,90,2.6
33.2,76.3,10,3.3
20.1,72.8,13,3
28.9,91.8,10,3
30.1,96.1,32,3.8
28.6,91.7,10,4.5
10.8,93.5,10,4.3
24.53,94.95,120,4
36.5,71,130,4.6
0.5,91.83,10,4.8
33.5,75.5,10,3.3
16.47,93.18,103,5.2
7.5,92.2,17,5.1
33.9,69.54,160,4.8
29.4,81.8,15,4.2
36.6,71.6,98,4.6
24.7,92.2,98,3.6
30.7,70,160,4.8
27.1,92.3,10,3.1
35,73.4,67,3.7
35.5,74.8,10,3.6
24.9,91.7,40,4.6
25.9,90.3,7,3.2
33,75.9,5,3.5
16.8,79.9,10,4.7
32.84,76.42,10,2.6
27.7,92.7,10,2.8
39.97,77.47,150,4
25.7,91,10,2.6
25,93.8,30,2.4
31.9,94.9,10,5.4
36.2,69.7,130,4.5
36.6,70.9,195,4.8
22.6,95.4,79,3.8
37.5,72.2,180,5
29.2,86.5,193,4.3
39.2,71.6,10,5.6
37.4,72.4,120,3.8
32.6,99.9,10,3.9
36,72.3,306,4.2
33,98.6,36,4.8
20.5,93.4,25,4.8
36.3,70.1,145,3.6
27.1,94.1,36,2.8
8,94.4,110,4.7
32.8,76.1,5,2.2
32.7,76,5,3
28.2,92,10,3.2
28.5,91.7,10,4
20,72.8,10,2.5
23,94.2,20,3.6
26.2,96.2,160,2.9
36.4,73.9,15,3.8
39.3,78.5,88,3.8
32.8,73.3,10,3.4
32.6,76,5,2.5
36.6,70.6,180,4.3
27.2,92.3,5,2.3
34.7,72.8,10,4
34,61.2,10,4.6
19.8,98.7,10,5.1
39.8,77.4,138,5
38.5,77.4,136,4.8
39.29,77.39,105,5
39.5,77.4,140,5.2
39.7,76.7,140,6
32.4,76,10,3.3
31.6,93.5,10,4.6
26.4,66.5,10,4.6
39.11,71.33,58,3.9
25.1,95.6,33,3.2
36.52,71.06,150,4.7
34.5,71.02,160,4.6
39.69,77.24,10,5.2
36.09,85.46,189,4.8
24.8,94.4,65,3.6
25.5,95,104,3.2
28.4,95.3,10,2.7
39.8,73.2,10,4.3
33,76.1,5,3.2
29.6,76.4,10,2.8
23.7,94.1,87,4.3
9.6,84.2,10,4.2
29.4,81.8,16,3.7
29.36,81.71,100,4.6
29.04,81.81,75,3.5
32.3,76.2,5,3.4
34.8,74.6,10,5.3
27.7,67.4,80,4.7
26.3,90,15,2.7
26.9,92.7,25,2.9
32.8,73.5,123,4
36.7,71.6,155,4.3
38.7,70.5,30,4.1
28.6,92,10,3.5
37,71.6,150,4.6
2.5,96.5,10,6.1
25,92.3,15,3.8
23.9,94.6,34,3.5
31.2,77.1,10,3.6
36.1,71.2,200,4.7
24.1,94.2,10,2.9
35.8,75.2,10,3.3
40,72.2,10,4.5
26.2,89.9,10,3
28.5,92,10,3.9
27.1,92,20,3.2
25.27,65.35,10,4.8
32.7,76.5,5,3.4
32.7,76.5,5,3.7
35.7,74.9,10,3.8
33.9,66.2,90,4.1
34.1,60.3,10,5.2
36.4,74.2,90,4.6
25.5,93.8,30,2.9
32.8,75.5,10,3.1
28.7,87.9,10,3.9
27.6,92.7,10,3.5
29.8,80.5,10,3.1
36.1,69.5,40,3.4
38.78,73.48,10,3.8
26.1,93.3,40,2.9
39.11,73.24,350,4.5
35.5,74.8,94,4.5
35.5,74.7,10,4.2
35.5,74.8,10,4
35.5,74.8,63,5.4
35.5,75,10,3.6
35.5,75.1,36,4.6
35.5,74.9,10,5.5
35.5,74.7,10,4.7
6.8,94.6,103,5
35.7,77.3,10,4.6
26.6,95,22,3.1
26.7,93.8,23,3.5
0.9,92.9,10,4.8
19,87.4,10,4
39.5,71,220,4.4
39.7,95.7,10,4.5
23.1,96,10,3.8
25.5,91.3,10,3.5
26.6,88.8,32,3.2
36.7,71.3,220,4.2
7,92.4,10,5
20,72.7,10,2.3
35.8,69,187,4.6
24.9,94.2,36,3.3
32.9,76,5,2.8
24.1,93.7,66,3.1
33.2,69.6,10,4.6
36.3,71.2,91,4.5
36.5,70.5,190,6.3
36.5,68.5,10,4.5
28.1,87.9,108,4.7
34.7,79.7,67,4.6
36.8,74.6,169,4.6
31.8,86.8,471,4.6
36.6,70.5,290,4.5
37.7,71.8,280,4.2
26.92,92.56,82,2.7
33.4,71.6,76,4.7
37.7,75.8,158,4.7
37.6,75.5,100,4.2
35.6,70.5,10,4.4
32.3,76.3,10,3
25,95.2,60,3.8
36.5,70.7,37,3.9
24.1,93.8,10,3.5
33.4,71.7,200,4.2
26.9,85.9,96,4
25.2,94.8,94,3.9
37.6,72.6,150,4.1
34.6,75.1,72,3.3
20,72.8,10,3.9
23,94.3,50,3.3
20,72.7,10,3.4
30.5,79.6,14,4.4
20,72.9,4,3.2
27.77,85.52,143,4.6
36.8,78.8,30,4.4
39.88,77.94,10,4.6
36.55,71.32,206,4.2
33.5,74,42,3.3
36.36,71.54,237,4.4
37,72.3,22,4.3
36.1,69,10,4.1
12.6,94.9,10,4.1
28.3,87.5,101,3.9
36.1,70.7,63,4.3
32,75.6,11,2.6
36.2,77.7,167,4.4
36.4,71.2,170,4.1
30.5,79.3,5,3.2
26.94,67.34,10,4.7
28.6,76.7,10,2
35,77.6,10,2.6
36.5,71.3,184,4.5
29.91,80.46,10,2.7
25.7,95.1,75,3.8
35.9,68.4,36,4.6
38.9,71.1,33,4.4
23.5,94.1,10,3.1
37.2,72.1,235,3.4
37.3,71.8,192,4.6
36.4,70.8,115,5.1
0.8,98.3,35,5
36.4,70.9,280,4.5
32.7,76.2,5,3.2
36.9,67.1,37,4.7
24.9,92.4,10,2.6
8.4,94.6,176,4.8
37,70.7,250,4.1
23.1,93.7,12,4.5
24.6,94.2,57,2.9
36.7,71.4,250,4.4
36.7,73.8,58,4
13.7,93.2,10,4.6
25.5,67.8,120,4.5
28.4,76.7,12,2.1
36,77.8,140,4.4
24,94,128,3.5
23.2,95.9,10,5.5
37.5,71.8,72,4.1
30.3,84.4,10,4.6
27.7,85.8,122,4.5
14.5,92.8,10,4.4
28.1,87.8,20,4.4
36.1,70.9,109,4.4
19.1,94.9,10,5.5
19,94.9,10,4.6
24.1,94.3,10,4.2
34.5,73.2,10,4.1
24.5,92.4,10,3.2
28.3,94.5,10,3.1
36.6,71,99,4.8
25.7,93.3,5,3.8
2,92.9,10,5.1
37.3,72.7,456,4.2
30.4,79.3,10,3.4
37,72,10,4.9
19.9,72.8,10,3.3
32.9,91.9,10,4.2
25.4,94.5,20,3
16.9,95.2,10,4.2
25,94,25,3.7
36.3,71.8,235,4.4
26,91.2,17,4.3
20,72.8,10,3.5
37.5,72.3,135,4.9
37.3,71.7,10,4
38.1,74,185,4
35.3,73.2,10,4
24.4,94.1,45,3.1
19.9,72.9,10,4
26.4,92.7,30,3.8
29.4,81.2,33,5
20,72.8,5,2.9
23.6,70.3,10,4
26.7,92.7,48,2.8
11.4,92.9,10,4.8
26.7,94.1,10,2.2
38.2,69,10,4.1
7,94.5,10,4.6
29,76.9,6,2.7
7.2,94.4,10,5.1
38,68.8,10,5.1
24.9,94.2,38,3.3
31,69.9,24,3.4
26.5,92.7,25,3.8
37.2,74.3,25,4.5
36.6,71.1,237,4.2
27.2,95.3,10,2.6
27.1,91.4,21,2.7
7.2,94.9,123,5
26,91.9,10,2.4
36.3,71.6,80,5.1
26.2,93.4,48,4.6
36.5,70.9,226,4.1
32.6,75.8,10,2.4
25.8,90.2,20,3.2
32.6,75.9,10,2.3
0.97,97.5,35,4.9
29.9,80.2,10,4.5
38.5,75.8,33,3.8
32.9,73.5,10,3.8
36.6,71.2,10,4.3
24.9,92.7,20,3.3
26.4,95.5,33,3.5
37.7,72.3,35,3.9
28.1,95.5,15,3.1
28.8,77.4,7,2.7
36.2,66.7,40,4.7
36.5,70.1,200,5.1
24.3,93.5,13,3.4
35.8,76.9,10,3.9
36.5,70.9,165,4.5
20,73,10,2.9
26.4,93.3,24,3.2
36.5,70.4,195,4
28.4,83.3,116,4.2
35.9,69.5,100,4.4
31.5,77,10,3.4
27.6,90.4,10,3.3
36.4,70.4,33,3.6
37.1,71.5,33,3.7
24.2,90,39,3.8
37,72.2,10,4.5
36.8,75.5,17,4.6
20.3,71.9,20,3.5
32.7,76.4,5,3.4
28.5,88.7,16,3.8
9.3,83.8,10,4.4
29.6,82,10,3.9
28.9,76.8,7,3.2
27.3,91.5,4,2.6
37.1,72,125,4.7
36.6,71,232,4.3
36.4,70.9,270,4.2
36.5,71.2,212,4.4
30.4,87.6,200,4.4
33.1,73.3,38,3.1
36.4,72.8,92,4.1
20,72.9,5,2.7
20,72.8,10,3.7
36.3,70.3,265,4
36.5,71.2,250,4.5
19.9,72.8,10,2.9
37.7,72.3,230,4
32,77,14,2.2
36.1,78.1,30,4
19.2,95.7,10,4.7
7.9,94.4,180,4.3
27.82,87.98,10,4.1
23.5,94.5,142.6,3.1
26.7,95.1,12,3.7
28.6,76.5,5,3.3
23.2,94.3,150,4.2
33.1,74,10,4
31.1,78.7,10,3
35.2,77.8,10,3.9
27.4,92.4,10,3.1
31.2,77.8,5,3
36.4,70.7,239,4
32.9,73.4,10,3.8
28,73.4,10,4.5
37.3,72,210,4
33.1,74.5,6.8,3.4
22.7,94.5,136,3.3
32.5,73.1,33,4.2
37.5,72.8,35,3.9
33.1,76.1,5,2.6
34.4,72.6,10,4
27.5,91.5,10,4.3
38.1,74.3,35,3.4
37.9,72.8,35,3.9
33,73.6,35,3.5
32.6,76.5,11,2.3
32.6,76.9,8.4,2.4
36.6,71,35,4.7
36.5,76.6,40,3.3
37.2,69.9,37,4
24.9,94,40,4.8
25.2,94.3,29,2.8
37.7,72.5,200,4.3
30.4,79.3,10,3.3
26.5,92.4,21,3.3
11.3,91.5,10,4.8
29.9,81.5,10,4.1
11,91.7,10,4.8
25.9,90.5,5,3.2
28.1,84.6,10,4.3
33.2,73.8,10,3.4
33.1,73.7,10,6
20,72.8,10,2.8
25.9,90.4,10,3.1
19.9,72.7,10,3.4
24.2,93.6,20,4
20,72.8,10,3.2
20,72.8,5,3.5
25.9,90.8,5,3.2
28.3,84.7,10,4.5
29.6,80.7,10,4.3
36.6,70.7,250,5
30.4,79.7,14,3.6
33,76,5,3.2
24.9,94.1,30,3.3
33,76,5,2.7
32.9,76,5,3.2
32.9,76.1,5,5
33,76.1,10,4.9
32.9,76,5,3.8
26.4,92.9,10,3.3
32.9,76.1,10,3.4
26.4,93.3,14,3.5
24.7,92.9,31,3.4
28,75.7,16,3.8
23.8,88.6,33,4.3
27.4,93,27,3.5
22.8,95.5,10,5.6
26,92.4,1,3.5
13.2,93.5,10,5
26.6,96,80,5.1
24.5,92.9,75,3.5
30.8,78.4,5,3.2
26.5,93.1,42,3.7
32.4,76.3,5,2.7
8.9,93.4,10,4.6
23,70.4,10,4
20,73,5,2.5
23.9,93.7,45,4.7
25.5,94.5,58,2.9
27.3,93.4,33,3.6
36.4,70.7,200,5.1
29.72,94.18,82,4.6
34.6,77.8,15,4.2
20,72.8,10,3.2
37,71.6,94,5.5
26.7,92.5,26,3.5
27.4,84.5,39,4.6
36.5,70.1,220,6
26.1,89.9,33,3.4
36.6,71.3,190,5.4
12.3,94.8,10,4.8
24.7,94.3,40,4.1
22.5,88.1,10,3.6
24.6,94.2,54,3.5
14.5,92.9,10,4.6
